One_RAD24362,G,T,AGCTGGTGCAC,AGCTGTTGCAC,GGGATCTGGAGCGCACC,0,0
One_RAD27165,G,T,GATATGTTTCA,GATATTTTTCA,TGCAGGGAAATTACTTATGTGATCAT,0,0
One_RAD56448,C,T,GGTTACATGTG,GGTTATATGTG,TGCAGGTGAAGGAGGTCCT,0,0
One_RAD72071,C,T,GGCTCCGATTC,GGCTCTGATTC,GGAGGAGTTTCCCAAAGACGA,0,0
One_RAD82702,C,T,CCTCACACAGG,CCTCATACAGG,GCAGGTTAATGCACTACAACATCCA,0,0
One_RAD90464,G,T,TTATAGTAGGG,TTATATTAGGG,TAGCTTGTTGATTTCATTCAGTTCCA,0,0
CM007960___1_12990094,G,T,TACACGGTAGC,TACACTGTAGC,CCAACGATGCCTCGTACAC,0,0
CM007962___1_10813625,A,G,CTGGAAGGGTC,CTGGAGGGGTC,GTTCCAGAGCGCTAGAGAGG,0,0
CM007937___1_79177957,C,G,TATATCGTTTT,TATATGGTTTT,CACCTTCGGCAATGTGACTT,0,0
CM007943___1_20956599,A,G,CACTCAAAGCC,CACTCGAAGCC,GTAGCCCACCTCGCAGTAAC,0,0
CM007957___1_1049506,G,T,GAGAGGTGGGG,GAGAGTTGGGG,GGATGATGGGGAGGAGAGAG,0,0
CM007959___1_64887387,A,G,CACACACACAC,CACACGCACAC,GCAGGGGATAAGTTGGTGAC,0,0
CM007959___1_58156760,C,T,GCTAACTGGGT,GCTAATTGGGT,GCAGGCTGAACAGTCAATCA,0,0
CM007938___1_39582775,C,T,AATTCCCTACG,AATTCTCTACG,GGGCCGAGTACATCCAGAAT,0,0
CM007941___1_5054056,A,C,CAATGACAGGC,CAATGCCAGGC,TGGAGAGGAGACACAAGACG,0,0
CM007960___1_9441629,C,T,ATGCCCGGTTG,ATGCCTGGTTG,GCACATGCCCTTCATGC,0,0
CM007952___1_22767220,A,G,CTGCCACTGCA,CTGCCGCTGCA,AGCGCATCCACCATCTG,0,0
CM007941___1_66636367,C,T,AACTGCGACTC,AACTGTGACTC,GGAGGAGGATGTCTCTGGTG,0,0
CM007946___1_50042193,A,G,AGGGCAGGATA,AGGGCGGGATA,TGAGAAACAGTAGCGATGCAG,0,0
CM007952___1_40684241,C,T,TGCTACATTCC,TGCTATATTCC,GGCTTGTGCTAGTTGGTGCT,0,0
CM007935___1_58705602,C,G,CTGAGCAGTGC,CTGAGGAGTGC,GTTTGGTTGTGGTGGAGCTG,0,0
CM007938___1_54555339,A,G,CGTGCACTGGG,CGTGCGCTGGG,ACCACCAGCACCCTGAAC,0,0
CM007946___1_41540980,C,T,CAAATCCGCTG,CAAATTCGCTG,CCTGGCTTGATGTTGTAGCA,0,0
CM007952___1_31025908,C,T,GCTGTCGGTGT,GCTGTTGGTGT,TGCGTGACATGAGACAGACA,0,0
CM007945___1_73355502,A,C,GTGATAATTTC,GTGATCATTTC,TGCAGGAGGAGGATTTAATGA,0,0
CM007939___1_42004547,A,G,ACTGTAAATTG,ACTGTGAATTG,GGAAAAACTTGAAGGATTTGTACTG,0,0
CM007945___1_20223366,C,T,GGCTACGCCAG,GGCTATGCCAG,TGCAGGGACACGTTTAGTCA,0,0
CM007939___1_22667021,C,T,ACTCACTCACG,ACTCATTCACG,TTGTCAGACGAATCATTGGAA,0,0
CM007963___1_29424723,C,T,GAGGACGTGGC,GAGGATGTGGC,GTGGTAGAGAGCCCACCAGA,0,0
CM007940___1_11924905,G,T,ACGTGGCCCTA,ACGTGTCCCTA,GCTGGTCCTTAGCGACGTG,0,0
CM007937___1_46498807,C,G,GTCAACTTCTG,GTCAAGTTCTG,GCAGGTACAGGAAGGGGATT,0,0
CM007936___1_49191445,C,T,ACCGTCAGGGT,ACCGTTAGGGT,GGAGTTTTCCCTGGCACAGT,0,0
CM007948___1_16388566,C,T,TGAAGCCTCCA,TGAAGTCTCCA,CAAATATCCCGCTGCTGAAG,0,0
CM007950___1_35291325,A,T,AGCCAAGATCC,AGCCATGATCC,GCAGGCATGTGTGCTGTGTA,0,0
CM007954___1_26490626,G,T,GAGGGGTGGCA,GAGGGTTGGCA,GTGGAAGGAGGGAAGAAAGG,0,0
CM007951___1_45932807,C,G,CTTAACACACA,CTTAAGACACA,AAGGGGACCGGGTGAGT,0,0
CM007953___1_52343952,C,G,TACTTCGAACA,TACTTGGAACA,GTCTCCAGAGGGTTGTGCAT,0,0
CM007959___1_66398204,A,G,CCACAACGAGT,CCACAGCGAGT,AGCATGCATTGCACCACA,0,0
CM007961___1_27561901,A,C,CATCTAATTTA,CATCTCATTTA,GAGCACCCCAAACCAAATAA,0,0
CM007943___1_36668490,G,T,TTTTTGGGGGG,TTTTTTGGGGG,GCACCACGCCAGAGTTTT,0,0
CM007952___1_15275433,A,C,CAAGGATGTTG,CAAGGCTGTTG,TGCAGGTAAATATTGTTTCACAGA,0,0
17134_x1_FemaleLG_23_FemalePos_152___67_MaleLG_NA_MalePos_NA_duplicated_no,A,C,CAAATAAAATA,CAAATCAAATA,ACGTTTGCAGGCTGTAAGTT,0,0
25836_x1_FemaleLG_24_FemalePos_87___51_MaleLG_24_MalePos_74___04_duplicated_no,C,G,GTTAACGTTCT,GTTAAGGTTCT,GCAGGAAACGTTATGCTGAAG,0,0
34020_x1_FemaleLG_12_FemalePos_61___97_MaleLG_NA_MalePos_NA_duplicated_no,C,T,CGAGTCGTTGT,CGAGTTGTTGT,CACAACAGAGGTGAGCGAGT,0,0
38155_x1_FemaleLG_24_FemalePos_19___16_MaleLG_NA_MalePos_NA_duplicated_no,A,T,GTACTAACAAT,GTACTTACAAT,CTGCCCTAATGGGTCTGTTG,0,0
40181_x1_FemaleLG_4_FemalePos_125___5_MaleLG_NA_MalePos_NA_duplicated_no,C,T,GTTACCTTAAG,GTTACTTTAAG,CGAAACAACTAGGTGAGTGGAG,0,0
43875_x1_FemaleLG_3_FemalePos_23___39_MaleLG_NA_MalePos_NA_duplicated_no,C,G,AGAAACAGTGT,AGAAAGAGTGT,CCCACTGACACACAGAGGAG,0,0
45801_x1_FemaleLG_26_FemalePos_66___27_MaleLG_NA_MalePos_NA_duplicated_no,A,C,AAATAAATGGG,AAATACATGGG,CTACGTCACCCCATCCCTTA,0,0
48011_x1_FemaleLG_10_FemalePos_83___89_MaleLG_NA_MalePos_NA_duplicated_no,C,T,TCCTTCGAGGG,TCCTTTGAGGG,TCGATGAATAAAGCCATGTGA,0,0
50618_x1_FemaleLG_13_FemalePos_111___18_MaleLG_NA_MalePos_NA_duplicated_no,G,T,AAACGGCTCTG,AAACGTCTCTG,GCTGTGGTTTGTGTCAGGTG,0,0
51371_x1_FemaleLG_5_FemalePos_123___18_MaleLG_NA_MalePos_NA_duplicated_no,G,T,CCTCTGGGTCT,CCTCTTGGTCT,GGAGCAGGAGGTCACAAACT,0,0
51535_x1_FemaleLG_19_FemalePos_1___71_MaleLG_19_MalePos_24___96_duplicated_no,A,G,CCCTAAGACGG,CCCTAGGACGG,GGTTTTGTTCCAGCCCTACA,0,0
59208_x1_FemaleLG_20_FemalePos_38___77_MaleLG_NA_MalePos_NA_duplicated_no,C,T,CACCACGCAGG,CACCATGCAGG,CGTTTGCAGGAAACTAACATCT,0,0
59438_x1_FemaleLG_24_FemalePos_31___35_MaleLG_24_MalePos_74___04_duplicated_no,A,C,ACAATACATCC,ACAATCCATCC,GCACTGTTTGCATTCGAGAC,0,0
64373_x1_FemaleLG_1_FemalePos_6___9_MaleLG_NA_MalePos_NA_duplicated_no,A,G,CCTGGACTATA,CCTGGGCTATA,GCACACAGGAAGCCAGTTG,0,0
65450_x1_FemaleLG_23_FemalePos_130___26_MaleLG_NA_MalePos_NA_duplicated_no,C,T,CGCTTCGACGG,CGCTTTGACGG,GTGCAGGAGAAGAAGCTGGT,0,0
70513_x1_FemaleLG_12_FemalePos_129___58_MaleLG_NA_MalePos_NA_duplicated_no,A,G,GGGGGAATATT,GGGGGGATATT,CGTGCAGGTCTGGCTCAT,0,0
70578_x1_FemaleLG_11_FemalePos_75___63_MaleLG_NA_MalePos_NA_duplicated_no,C,T,GCCGCCTCCAG,GCCGCTTCCAG,ACAAGGCAGGCCAGGAG,0,0
76182_x1_FemaleLG_16_FemalePos_25___71_MaleLG_NA_MalePos_NA_duplicated_no,C,T,CCTCCCGGCCT,CCTCCTGGCCT,TCACCCCTGATACACCCATT,0,0
77537_x1_FemaleLG_7_FemalePos_0___65_MaleLG_7_MalePos_18___19_duplicated_no,C,T,TTAATCACTCT,TTAATTACTCT,TGTCGACCTGCTTGACATTT,0,0
10435_x1_FemaleLG_2_FemalePos_160___46_MaleLG_2_MalePos_6___33_duplicated_no,A,C,TCTACAGCTGG,TCTACCGCTGG,CTGAAAGGGGGAGTGTGTGT,0,0
1190_x1_FemaleLG_22_FemalePos_118___15_MaleLG_NA_MalePos_NA_duplicated_no,A,C,TAATAAAGGAA,TAATACAGGAA,CATGCTTTAAGTTGCCATTGA,0,0
11921_x1_FemaleLG_10_FemalePos_69___91_MaleLG_NA_MalePos_NA_duplicated_no,C,T,ATGAACGGACA,ATGAATGGACA,GGACCAGGAAATGTCAATCG,0,0
13920_x1_FemaleLG_28_FemalePos_19___73_MaleLG_28_MalePos_9___42_duplicated_no,G,T,ATACAGTGACA,ATACATTGACA,GAGCTTTGTATTTAACCTGTGTCA,0,0
140571_x1_FemaleLG_24_FemalePos_12_MaleLG_24_MalePos_74___04_duplicated_no,C,T,TCTGGCCTGCA,TCTGGTCTGCA,CAGCTCTCCCACAACAGGAT,0,0
148926_x1_FemaleLG_14_FemalePos_97___92_MaleLG_NA_MalePos_NA_duplicated_no,G,T,TTTTTGGGGGG,TTTTTTGGGGG,AACGTGTGCAGGGTTAAAGT,0,0
15021_x1_FemaleLG_7_FemalePos_112___76_MaleLG_7_MalePos_77___7_duplicated_no,A,C,AAAAAACCCTT,AAAAACCCCTT,AAATGCAAGGGAAGGGAAGT,0,0
1522_x1_FemaleLG_17_FemalePos_90___38_MaleLG_NA_MalePos_NA_duplicated_no,A,C,CACTTATACTG,CACTTCTACTG,CATGCATGTCACACCCACTT,0,0
15270_x1_FemaleLG_9___5_FemalePos_0___02_MaleLG_NA_MalePos_NA_duplicated_no,C,T,ATAGACCTGCA,ATAGATCTGCA,TCTGCCTCCAGGTTCATCTC,0,0
16079_x1_FemaleLG_23_FemalePos_144___61_MaleLG_NA_MalePos_NA_duplicated_no,A,C,AAAGTAATCGA,AAAGTCATCGA,TGGTGGTGAGATTCCAAACA,0,0
16089_x1_FemaleLG_16_FemalePos_45___82_MaleLG_NA_MalePos_NA_duplicated_no,A,G,ACACCAAGAAT,ACACCGAGAAT,ACTTTCCGGGACATCACAAT,0,0
16292_x1_FemaleLG_20_FemalePos_17___32_MaleLG_NA_MalePos_NA_duplicated_no,A,T,GGTATACTCAC,GGTATTCTCAC,GCTGCAGGGTATACGCAGAT,0,0
17160_x1_FemaleLG_2_FemalePos_167___21_MaleLG_2_MalePos_6___33_duplicated_no,G,T,AATATGGAGAA,AATATTGAGAA,CCTTTGAACATCACTTAATTGACAC,0,0
17413_x1_FemaleLG_3_FemalePos_58___45_MaleLG_3_MalePos_80___13_duplicated_no,A,G,GGCCTACGCAG,GGCCTGCGCAG,TCTCTTGTTAACCGGCTTGG,0,0
18427_x1_FemaleLG_12_FemalePos_36___9_MaleLG_NA_MalePos_NA_duplicated_no,A,T,TTTTTAAAAAA,TTTTTTAAAAA,TCATGTGTTAACATGGCTGGA,0,0
19130_x1_FemaleLG_17_FemalePos_27___59_MaleLG_NA_MalePos_NA_duplicated_no,C,T,TGAACCTGGCC,TGAACTTGGCC,TAGGCGTGGTGGGAGTAGAC,0,0
19329_x1_FemaleLG_18_FemalePos_2___62_MaleLG_NA_MalePos_NA_duplicated_no,A,G,AACACAATGAA,AACACGATGAA,GCAGGGGAGTGAAAGAGATG,0,0
20165_x1_FemaleLG_7_FemalePos_127___81_MaleLG_7_MalePos_82___59_duplicated_no,A,C,TAGAGAGAGAG,TAGAGCGAGAG,AGGAGACTCTCTCCCTTCTGC,0,0
20287_x1_FemaleLG_9___5_FemalePos_69___84_MaleLG_9_MalePos_3___73_duplicated_no,A,C,TATAAACAAAC,TATAACCAAAC,CAAAGGCAACCCTGTGAGTC,0,0
20996_x1_FemaleLG_27_FemalePos_187___95_MaleLG_27_MalePos_8___25_duplicated_no,C,T,AGAATCCACCT,AGAATTCACCT,TCTGTGCTTGGGGAATTCAG,0,0
21090_x1_FemaleLG_4_FemalePos_128___3_MaleLG_4_MalePos_0_duplicated_no,C,G,TCAGGCGCTGC,TCAGGGGCTGC,CTGCCAGCTCCCTTTCAG,0,0
2165_x1_FemaleLG_15_FemalePos_2___51_MaleLG_NA_MalePos_NA_duplicated_no,A,G,GCCTCAGGACC,GCCTCGGGACC,GCGAAGATTTGTCTGGTGGT,0,0
22189_x1_FemaleLG_26_FemalePos_36___75_MaleLG_NA_MalePos_NA_duplicated_no,A,C,TTAGTACGAAG,TTAGTCCGAAG,TGCAGGTGAGACTGCATGTT,0,0
22985_x1_FemaleLG_9_FemalePos_62___65_MaleLG_NA_MalePos_NA_duplicated_no,A,G,AAACAATGATC,AAACAGTGATC,TGCCAGAGGATCTGGAATTT,0,0
24253_x1_FemaleLG_20_FemalePos_136___01_MaleLG_NA_MalePos_NA_duplicated_no,A,T,TGAAAAGAAGC,TGAAATGAAGC,GGGTTTCATCTGCCCACA,0,0
24788_x1_FemaleLG_4_FemalePos_109___19_MaleLG_NA_MalePos_NA_duplicated_no,A,T,TCCACATAGAT,TCCACTTAGAT,ATCGGCTAGCTCACAATGCT,0,0
24805_x1_FemaleLG_7_FemalePos_12___91_MaleLG_NA_MalePos_NA_duplicated_no,A,C,AAGATATATCC,AAGATCTATCC,CCTCCCCTGCTTTGTCATA,0,0
25134_x1_FemaleLG_22_FemalePos_89_MaleLG_NA_MalePos_NA_duplicated_no,C,T,CAGTGCGGCCA,CAGTGTGGCCA,CGGCTAGGTGGCTCAGTG,0,0
25232_x1_FemaleLG_19_FemalePos_105___18_MaleLG_NA_MalePos_NA_duplicated_no,C,T,AGCTACTGAGG,AGCTATTGAGG,TGAGTTTCCTGAGGCTTTTCA,0,0
25943_x1_FemaleLG_4_FemalePos_109___01_MaleLG_4_MalePos_154___59_duplicated_no,A,C,TACCCAGTGTG,TACCCCGTGTG,CGCAGCCGAATAAATTACCC,0,0
26180_x1_FemaleLG_20_FemalePos_0___92_MaleLG_NA_MalePos_NA_duplicated_no,C,G,GTACTCTGCTC,GTACTGTGCTC,GCTGAGGCTCGACTACAACC,0,0
26713_x1_FemaleLG_15_FemalePos_2___51_MaleLG_NA_MalePos_NA_duplicated_no,A,G,GTGCCACTCCC,GTGCCGCTCCC,TGCAGGATATACTGGGATCAGA,0,0
28170_x1_FemaleLG_8_FemalePos_12___53_MaleLG_NA_MalePos_NA_duplicated_no,C,T,TCAAACATTGC,TCAAATATTGC,GCAGGCAGTTTCTAACTTAACCA,0,0
28252_x1_FemaleLG_12_FemalePos_137___16_MaleLG_NA_MalePos_NA_duplicated_no,A,C,GGCAAAAGAGA,GGCAACAGAGA,GGATGGCCAGGCTAACAAT,0,0
30945_x1_FemaleLG_7_FemalePos_121___56_MaleLG_7_MalePos_74___22_duplicated_no,C,G,ACATGCCGGCT,ACATGGCGGCT,TGCAGGAGAATCAGTTTAATTATCA,0,0
32156_x1_FemaleLG_4_FemalePos_1___85_MaleLG_NA_MalePos_NA_duplicated_no,A,G,GGCCAAGGCCC,GGCCAGGGCCC,GGTTGCACTGACTTGGACAG,0,0
32179_x1_FemaleLG_21_FemalePos_114___57_MaleLG_21_MalePos_5___93_duplicated_no,A,G,TGAGGAAAGTT,TGAGGGAAGTT,TGGAAATCCCTCTCCAATGA,0,0
32395_x1_FemaleLG_2_FemalePos_119___54_MaleLG_NA_MalePos_NA_duplicated_no,C,T,GTCGGCCAGTC,GTCGGTCAGTC,TGATCACACTGTGCCTCAGTTA,0,0
32606_x1_FemaleLG_11_FemalePos_40___04_MaleLG_NA_MalePos_NA_duplicated_no,A,G,GAATCATAATT,GAATCGTAATT,GATTTCGATTTGGCTTCAGG,0,0
33088_x1_FemaleLG_3_FemalePos_97___71_MaleLG_NA_MalePos_NA_duplicated_no,A,G,TTATCATGATA,TTATCGTGATA,GCAGGGGAGAGAACAGAATG,0,0
33846_x1_FemaleLG_14_FemalePos_94___47_MaleLG_NA_MalePos_NA_duplicated_no,G,T,AAAAGGCTGGG,AAAAGTCTGGG,ATTGGTGGTGTGCATCTCTG,0,0
34319_x1_FemaleLG_5_FemalePos_65___75_MaleLG_NA_MalePos_NA_duplicated_no,A,G,GAATCACTGAG,GAATCGCTGAG,TAACGGATGCAGGACGAAA,0,0
35308_x1_FemaleLG_10_FemalePos_58___75_MaleLG_NA_MalePos_NA_duplicated_no,A,T,TTTTTAAGGGT,TTTTTTAGGGT,GGCAAACAATGTTCCTGAGA,0,0
35778_x1_FemaleLG_22_FemalePos_134___67_MaleLG_NA_MalePos_NA_duplicated_no,A,T,AAATGAATTTG,AAATGTATTTG,CCCCAGATCACCCATGTATT,0,0
36066_x1_FemaleLG_9___5_FemalePos_12___95_MaleLG_9_MalePos_63___09_duplicated_no,C,T,CACAGCAAAAG,CACAGTAAAAG,TATCTGCAGGAGGGAGCAGT,0,0
36611_x1_FemaleLG_9_FemalePos_33___66_MaleLG_NA_MalePos_NA_duplicated_no,A,C,GGGAGAATGGC,GGGAGCATGGC,AGGGAGCATGAAACGCTAGA,0,0
3925_x1_FemaleLG_9___5_FemalePos_69___84_MaleLG_NA_MalePos_NA_duplicated_no,A,C,AGGAGATAACG,AGGAGCTAACG,ACCAATTCCAGCAAGAATCC,0,0
39887_x1_FemaleLG_23_FemalePos_46___06_MaleLG_NA_MalePos_NA_duplicated_no,G,T,AAAATGTACAT,AAAATTTACAT,TGGAGGCTAAATGCACAGAA,0,0
3990_x1_FemaleLG_20_FemalePos_0___34_MaleLG_NA_MalePos_NA_duplicated_no,A,G,ATTAAACTGAG,ATTAAGCTGAG,GGATCGTCTAAGACCTGTCACC,0,0
40760_x1_FemaleLG_13_FemalePos_114___27_MaleLG_13_MalePos_51___63_duplicated_no,A,G,GGACAAGTCAA,GGACAGGTCAA,GCAGGTTCCAACACACAGAA,0,0
40986_x1_FemaleLG_2_FemalePos_132___69_MaleLG_2_MalePos_6___33_duplicated_no,A,G,ACATGAGATTA,ACATGGGATTA,ACACCAAAGGGGACAGACAG,0,0
41127_x1_FemaleLG_13_FemalePos_116___77_MaleLG_NA_MalePos_NA_duplicated_no,A,T,TTACAAATGAG,TTACATATGAG,AAGCTATGCAGGGAAAAGTGA,0,0
41305_x1_FemaleLG_12_FemalePos_18___34_MaleLG_NA_MalePos_NA_duplicated_no,C,G,AATATCATATA,AATATGATATA,TGCAGGTAGAAACTATCCTGATAAA,0,0
41430_x1_FemaleLG_27_FemalePos_108___8_MaleLG_NA_MalePos_NA_duplicated_no,G,T,TGTTTGATTAA,TGTTTTATTAA,CATTGTGTTCATGGTTCTTCTGA,0,0
41597_x1_FemaleLG_13_FemalePos_123___01_MaleLG_NA_MalePos_NA_duplicated_no,C,T,CACAGCGAGGC,CACAGTGAGGC,GCCAAAGAAGAGCTGGTCAA,0,0
41816_x1_FemaleLG_20_FemalePos_49___43_MaleLG_20_MalePos_61___95_duplicated_no,C,T,GTGAGCGCGTG,GTGAGTGCGTG,TGTGCACGAACATCAGGATA,0,0
42145_x1_FemaleLG_5_FemalePos_55___91_MaleLG_NA_MalePos_NA_duplicated_no,C,T,GTTACCGCCAG,GTTACTGCCAG,GGCTCCTCCGAGCCTAAAT,0,0
42262_x1_FemaleLG_1_FemalePos_29___4_MaleLG_1_MalePos_38___24_duplicated_no,A,T,AAACCAGGGTT,AAACCTGGGTT,GGGGACCATGATTAATGTCAA,0,0
42470_x1_FemaleLG_25_FemalePos_37___2_MaleLG_NA_MalePos_NA_duplicated_no,C,T,ACACACCAAAA,ACACATCAAAA,GAACAGTGGCCGACCTACAC,0,0
42494_x1_FemaleLG_27_FemalePos_181___59_MaleLG_NA_MalePos_NA_duplicated_no,A,G,CTGTGACCAGT,CTGTGGCCAGT,GGCAAGGTCACTCACACTGA,0,0
42803_x1_FemaleLG_14_FemalePos_158___4_MaleLG_NA_MalePos_NA_duplicated_no,A,G,CAGACAGACGG,CAGACGGACGG,ACCTGGAGAGGACGGACAG,0,0
42895_x1_FemaleLG_21_FemalePos_51_MaleLG_21_MalePos_5___93_duplicated_no,A,C,CACAGATAGAT,CACAGCTAGAT,TGGTTCTATTGCTCCCACAG,0,0
42962_x1_FemaleLG_1_FemalePos_29___4_MaleLG_1_MalePos_38___91_duplicated_no,A,G,GCCACAGATGC,GCCACGGATGC,ATGCAGGCTATGTTGTCACC,0,0
4325_x1_FemaleLG_1_FemalePos_20___28_MaleLG_NA_MalePos_NA_duplicated_no,C,G,TATCACCTGAA,TATCAGCTGAA,TGATCGGGAAGTCAGTTCAA,0,0
43329_x1_FemaleLG_14_FemalePos_36___12_MaleLG_14_MalePos_51___29_duplicated_no,C,T,CCTAACCCTCT,CCTAATCCTCT,GGAACGTCAACCAACACACA,0,0
45004_x1_FemaleLG_3_FemalePos_30___09_MaleLG_NA_MalePos_NA_duplicated_no,A,G,AGTCAATCAGC,AGTCAGTCAGC,ATCCTACCCACACTGCCAAC,0,0
45069_x1_FemaleLG_18_FemalePos_2___62_MaleLG_NA_MalePos_NA_duplicated_no,C,G,CATTGCTAAAG,CATTGGTAAAG,GCGATGGCTTATTGGTGAGT,0,0
45699_x1_FemaleLG_23_FemalePos_103___34_MaleLG_NA_MalePos_NA_duplicated_no,A,C,GATTTATTTTC,GATTTCTTTTC,AGAAGGAAATCAAGTGCCTCA,0,0
46097_x1_FemaleLG_10_FemalePos_164___88_MaleLG_NA_MalePos_NA_duplicated_no,A,G,GGTACAACTCA,GGTACGACTCA,ACAGTGTTTTGCTGCCCTCT,0,0
46688_x1_FemaleLG_3_FemalePos_27___85_MaleLG_NA_MalePos_NA_duplicated_no,A,G,TTTGGACTTCT,TTTGGGCTTCT,TATGTGTGAGCCAGGGGATT,0,0
46693_x1_FemaleLG_14_FemalePos_156___9_MaleLG_14_MalePos_51___29_duplicated_no,A,C,TAGCCACTGAT,TAGCCCCTGAT,GGCGGAGAGAGGAACGTTAG,0,0
46780_x1_FemaleLG_21_FemalePos_105___45_MaleLG_NA_MalePos_NA_duplicated_no,A,G,AATTGAATCAT,AATTGGATCAT,TGCGTGCCTCATCTTTCTTA,0,0
47310_x1_FemaleLG_27_FemalePos_174___7_MaleLG_NA_MalePos_NA_duplicated_no,C,T,AATGTCTCAAT,AATGTTTCAAT,GCAGCAGCAATGTGAAAGAA,0,0
47893_x1_FemaleLG_13_FemalePos_134___09_MaleLG_NA_MalePos_NA_duplicated_no,G,T,CACCAGCACAA,CACCATCACAA,CACGGCCCTATACCACCA,0,0
47927_x1_FemaleLG_27_FemalePos_199___03_MaleLG_NA_MalePos_NA_duplicated_no,A,C,CTCCAAACTCC,CTCCACACTCC,GACCACCCTCCTCAAACCTC,0,0
48190_x1_FemaleLG_22_FemalePos_38___92_MaleLG_22_MalePos_9___61_duplicated_no,A,C,AAGTTAATTTT,AAGTTCATTTT,TTTACATCGTTGGCAATGGA,0,0
48901_x1_FemaleLG_25_FemalePos_7___7_MaleLG_NA_MalePos_NA_duplicated_no,C,T,TAGTTCGGCCT,TAGTTTGGCCT,GGACATGCCCAATGGAAATA,0,0
49339_x1_FemaleLG_12_FemalePos_76___58_MaleLG_NA_MalePos_NA_duplicated_no,C,G,TCTTACGGCGC,TCTTAGGGCGC,GCTGTCTCTGTGCTGCTCAC,0,0
50267_x1_FemaleLG_2_FemalePos_190___17_MaleLG_NA_MalePos_NA_duplicated_no,G,T,GGATAGTTATA,GGATATTTATA,GTCATTCGGGAAGAGTTTGG,0,0
51026_x1_FemaleLG_26_FemalePos_115___66_MaleLG_NA_MalePos_NA_duplicated_no,A,G,GCTGTATGACA,GCTGTGTGACA,GGACTCAACGGGAAGTTAGG,0,0
51419_x1_FemaleLG_15_FemalePos_106___37_MaleLG_15_MalePos_26___56_duplicated_no,C,T,TAGCTCTACAA,TAGCTTTACAA,CACACATATTTGGCCTAAGTCG,0,0
52232_x1_FemaleLG_19_FemalePos_1___71_MaleLG_NA_MalePos_NA_duplicated_no,C,T,TAGTCCAGTGG,TAGTCTAGTGG,TAACCGATGCAGGTTAATGC,0,0
53413_x1_FemaleLG_1_FemalePos_21___6_MaleLG_NA_MalePos_NA_duplicated_no,A,G,AACGCATCCCT,AACGCGTCCCT,AACCCGTAGGCATGTCTGAT,0,0
5404_x1_FemaleLG_26_FemalePos_144___17_MaleLG_NA_MalePos_NA_duplicated_no,C,G,AGGAACAGACA,AGGAAGAGACA,AGGTCACCACACCACTGACA,0,0
54792_x1_FemaleLG_19_FemalePos_15___32_MaleLG_NA_MalePos_NA_duplicated_no,C,T,TTATTCGATGA,TTATTTGATGA,TGCAGGAGACACACAAGCAT,0,0
55083_x1_FemaleLG_6_FemalePos_45___89_MaleLG_NA_MalePos_NA_duplicated_no,A,C,CCCCGAGCTGC,CCCCGCGCTGC,CCCAACGTCACGCATCC,0,0
55092_x1_FemaleLG_24_FemalePos_43___95_MaleLG_NA_MalePos_NA_duplicated_no,G,T,TTTTAGTGGTA,TTTTATTGGTA,TGCAGGAACATTCCTTTCACT,0,0
55250_x1_FemaleLG_23_FemalePos_151___52_MaleLG_NA_MalePos_NA_duplicated_no,C,G,ACATACAGGAC,ACATAGAGGAC,GCAGGGCAATCAGCACATA,0,0
5543_x1_FemaleLG_3_FemalePos_28___95_MaleLG_3_MalePos_79___28_duplicated_no,A,C,ATTATATGAGG,ATTATCTGAGG,ACTGCTGAAAGCATGCAGAT,0,0
56510_x1_FemaleLG_17_FemalePos_24___5_MaleLG_NA_MalePos_NA_duplicated_no,C,G,CTCCACAGTTC,CTCCAGAGTTC,AGTTGCCCACCAACAAGAAT,0,0
58962_x1_FemaleLG_5_FemalePos_37___94_MaleLG_5_MalePos_82___21_duplicated_no,A,C,CAGATATTCTG,CAGATCTTCTG,ACAGACAGGCGCTTTCAGAT,0,0
59148_x1_FemaleLG_12_FemalePos_137___16_MaleLG_12_MalePos_23___75_duplicated_no,A,G,TCTGCATGTAG,TCTGCGTGTAG,CGCTCAAGCTTTTTCCTCTG,0,0
59154_x1_FemaleLG_26_FemalePos_22___09_MaleLG_26_MalePos_17___58_duplicated_no,C,T,CAGTACGTATA,CAGTATGTATA,ACTTCCAGGGGGATCTCTGT,0,0
59386_x1_FemaleLG_13_FemalePos_2___44_MaleLG_13_MalePos_34___91_duplicated_no,C,G,TCTCTCTCCCT,TCTCTGTCCCT,ACAGTCCACAGCAAGGGTCT,0,0
60125_x1_FemaleLG_12_FemalePos_107___93_MaleLG_NA_MalePos_NA_duplicated_no,A,C,TTGCAATTCAC,TTGCACTTCAC,CGTGTGAGTTTTCTTGCATTG,0,0
61378_x1_FemaleLG_5_FemalePos_62___93_MaleLG_5_MalePos_81___88_duplicated_no,C,T,ACTTTCATTAT,ACTTTTATTAT,GGCTAAACAGGTTTAAATTACATCA,0,0
61477_x1_FemaleLG_12_FemalePos_99___36_MaleLG_12_MalePos_23___75_duplicated_no,A,C,ACTCCAGTGGC,ACTCCCGTGGC,TTGTTAACACACTTCTTCACACTCC,0,0
61911_x1_FemaleLG_11_FemalePos_2___03_MaleLG_NA_MalePos_NA_duplicated_no,C,T,CTACTCCCTAA,CTACTTCCTAA,AGCATTTGAACCATGCCTCT,0,0
6192_x1_FemaleLG_23_FemalePos_115___11_MaleLG_23_MalePos_36___31_duplicated_no,A,G,TCCTCATGTGA,TCCTCGTGTGA,TGGAAGTTAGGCAAACCACA,0,0
62343_x1_FemaleLG_2_FemalePos_180___01_MaleLG_NA_MalePos_NA_duplicated_no,C,G,GTCATCTATTT,GTCATGTATTT,GAGGTCCAAAAGGTACATCCA,0,0
62701_x1_FemaleLG_20_FemalePos_89___51_MaleLG_NA_MalePos_NA_duplicated_no,A,C,GACTTACATAT,GACTTCCATAT,AGAAGGCTGGCCTGGTG,0,0
62794_x1_FemaleLG_24_FemalePos_113___88_MaleLG_24_MalePos_73___71_duplicated_no,A,T,ATTCAAATTTG,ATTCATATTTG,GACGTGCAGGATATGTCCAA,0,0
63267_x1_FemaleLG_23_FemalePos_74___69_MaleLG_23_MalePos_33___76_duplicated_no,C,T,CTAACCCTAAC,CTAACTCTAAC,AGCTGACAGCCACAAAGTCA,0,0
63617_x1_FemaleLG_17_FemalePos_78___03_MaleLG_NA_MalePos_NA_duplicated_no,G,T,AATAAGGAGAA,AATAATGAGAA,GCCCCAGAGCCTTAACATAA,0,0
63641_x1_FemaleLG_23_FemalePos_151___52_MaleLG_NA_MalePos_NA_duplicated_no,A,T,GACCAAGAAGC,GACCATGAAGC,GACATGTGGTTTGCCTTGG,0,0
64177_x1_FemaleLG_26_FemalePos_61___4_MaleLG_NA_MalePos_NA_duplicated_no,A,T,TGACGATTTGC,TGACGTTTTGC,CAGGTGTCCACTGACACACA,0,0
64254_x1_FemaleLG_20_FemalePos_130___3_MaleLG_NA_MalePos_NA_duplicated_no,A,C,TAGAGAACGAT,TAGAGCACGAT,GCCTTACAGCCACACTGTCA,0,0
65635_x1_FemaleLG_15_FemalePos_118___76_MaleLG_15_MalePos_29___1_duplicated_no,C,T,TGGCTCGGGTT,TGGCTTGGGTT,TGGAAGGTACCAGGAAGAGATG,0,0
6586_x1_FemaleLG_13_FemalePos_2___13_MaleLG_NA_MalePos_NA_duplicated_no,A,G,GGGACAGGAGG,GGGACGGGAGG,CAGGCCTGGCTCAAAGAGTA,0,0
66198_x1_FemaleLG_17_FemalePos_95___68_MaleLG_NA_MalePos_NA_duplicated_no,C,T,CGGAGCCCGAG,CGGAGTCCGAG,GAAGCAGGAGAAGCAGAACG,0,0
66417_x1_FemaleLG_2_FemalePos_126___15_MaleLG_NA_MalePos_NA_duplicated_no,C,T,ACGCCCCTAAC,ACGCCTCTAAC,GTGGCTGTACGTCCACTCCT,0,0
66423_x1_FemaleLG_18_FemalePos_47___83_MaleLG_NA_MalePos_NA_duplicated_no,A,C,TCATTAATATT,TCATTCATATT,GGACAACAGAGGATGGATGAA,0,0
66661_x1_FemaleLG_20_FemalePos_0___92_MaleLG_NA_MalePos_NA_duplicated_no,G,T,CGTTTGAGTTA,CGTTTTAGTTA,CGGGAGGAGCAAACACAGTA,0,0
66740_x1_FemaleLG_21_FemalePos_40___02_MaleLG_NA_MalePos_NA_duplicated_no,A,C,CCGTAAGTTTT,CCGTACGTTTT,CAAACGTTTCACCACAGTCG,0,0
67192_x1_FemaleLG_25_FemalePos_59___76_MaleLG_25_MalePos_5___01_duplicated_no,G,T,GCTGGGTAAGT,GCTGGTTAAGT,GCTATGCAGGACAGGTCACA,0,0
67695_x1_FemaleLG_27_FemalePos_187___95_MaleLG_NA_MalePos_NA_duplicated_no,C,T,CTGGTCCGGCT,CTGGTTCGGCT,TCAGCAGAGAGCTGTCAGGA,0,0
68741_x1_FemaleLG_27_FemalePos_184___73_MaleLG_NA_MalePos_NA_duplicated_no,G,T,AGGGTGTCCGA,AGGGTTTCCGA,CGCAGATTCATCAGCATCAT,0,0
68954_x1_FemaleLG_28_FemalePos_92___81_MaleLG_28_MalePos_12___6_duplicated_no,A,C,AGGGGATTGTT,AGGGGCTTGTT,TGCAGGACAGAAAGGAAGGT,0,0
68986_x1_FemaleLG_20_FemalePos_0___92_MaleLG_20_MalePos_57___28_duplicated_no,C,T,ACCTCCAGCAT,ACCTCTAGCAT,ATATCTGCAGGGAGGTGGTG,0,0
69235_x1_FemaleLG_20_FemalePos_77___79_MaleLG_NA_MalePos_NA_duplicated_no,C,G,ACTCCCTACTC,ACTCCGTACTC,GAGTGGGAACCTGAAACTCC,0,0
694_x1_FemaleLG_2_FemalePos_81___1_MaleLG_NA_MalePos_NA_duplicated_no,C,T,CACGACGAACA,CACGATGAACA,TGCAGGTGACTTCCTGTACTTT,0,0
6966_x1_FemaleLG_28_FemalePos_122___78_MaleLG_NA_MalePos_NA_duplicated_no,C,T,CTCGACGTGTG,CTCGATGTGTG,TGCAGGTGGGCATATGTAGA,0,0
69839_x1_FemaleLG_11_FemalePos_3___24_MaleLG_NA_MalePos_NA_duplicated_no,A,G,AACATATCCAG,AACATGTCCAG,AACAAGCAATGCCTCTGTGA,0,0
69876_x1_FemaleLG_8_FemalePos_9___73_MaleLG_NA_MalePos_NA_duplicated_no,C,G,TCAACCTATTA,TCAACGTATTA,TAAACGGTGCAGGCGAGAG,0,0
69926_x1_FemaleLG_10_FemalePos_76___26_MaleLG_NA_MalePos_NA_duplicated_no,A,C,TGCATAATTTC,TGCATCATTTC,GCAGGAAACAATGAGGGATT,0,0
70025_x1_FemaleLG_19_FemalePos_107___94_MaleLG_NA_MalePos_NA_duplicated_no,A,T,GTTCCATTGAA,GTTCCTTTGAA,CGGTAGGGGAAGGGTGTTTA,0,0
70556_x1_FemaleLG_18_FemalePos_11___68_MaleLG_NA_MalePos_NA_duplicated_no,A,T,AATAAACATTT,AATAATCATTT,CGGTGCAGGTTCAGACATAA,0,0
71035_x1_FemaleLG_3_FemalePos_138___85_MaleLG_NA_MalePos_NA_duplicated_no,A,C,AGGATAGAGGA,AGGATCGAGGA,TTGGTTGAATCCAGGCTCTT,0,0
71347_x1_FemaleLG_13_FemalePos_53___22_MaleLG_NA_MalePos_NA_duplicated_no,G,T,CTGGAGTTAGA,CTGGATTTAGA,AAATCCTCTGAATCCATTCCTG,0,0
71618_x1_FemaleLG_8_FemalePos_50___58_MaleLG_NA_MalePos_NA_duplicated_no,G,T,TAAATGAACCG,TAAATTAACCG,TTCAGAGAATGTGTCATTGTTCG,0,0
71633_x1_FemaleLG_10_FemalePos_164___88_MaleLG_NA_MalePos_NA_duplicated_no,C,T,AAGTCCAACAC,AAGTCTAACAC,ACATGGCCACGCACAAG,0,0
71787_x1_FemaleLG_19_FemalePos_0_MaleLG_NA_MalePos_NA_duplicated_no,G,T,GACAGGGTTAT,GACAGTGTTAT,TGGATGGGGAAGTGAGACA,0,0
73175_x1_FemaleLG_24_FemalePos_22___18_MaleLG_NA_MalePos_NA_duplicated_no,A,G,CCCAGACGAGT,CCCAGGCGAGT,GGCTGCCAAAACTGGTTCTA,0,0
73217_x1_FemaleLG_4_FemalePos_5___64_MaleLG_NA_MalePos_NA_duplicated_no,A,C,CCCTGACCTTA,CCCTGCCCTTA,AGACACACATTGGTGACACG,0,0
73223_x1_FemaleLG_16_FemalePos_64___41_MaleLG_NA_MalePos_NA_duplicated_no,C,T,TACTGCCTTCA,TACTGTCTTCA,AACAATCATCACATTGCTGACC,0,0
73750_x1_FemaleLG_15_FemalePos_123___11_MaleLG_NA_MalePos_NA_duplicated_no,G,T,TACACGCTGTA,TACACTCTGTA,AAGAGCGAAAGCGGTGAGTA,0,0
74823_x1_FemaleLG_4_FemalePos_26___92_MaleLG_NA_MalePos_NA_duplicated_no,A,G,AGACTAAGGAG,AGACTGAGGAG,TGATTTCCCTGGATGAGGAG,0,0
75106_x1_FemaleLG_17_FemalePos_92___59_MaleLG_17_MalePos_47___24_duplicated_no,A,G,GCACTAGTAAC,GCACTGGTAAC,GACCTGCATGTGCTAGGGATA,0,0
75377_x1_FemaleLG_24_FemalePos_104___3_MaleLG_24_MalePos_74___04_duplicated_no,C,T,CGTATCGTAAA,CGTATTGTAAA,TCCTCTAGTTACCACAGCCACA,0,0
75670_x1_FemaleLG_9_FemalePos_57___78_MaleLG_9_MalePos_63___44_duplicated_no,C,T,ACGAGCTGCGT,ACGAGTTGCGT,TGCAGGACATAGAGGAGACG,0,0
76633_x1_FemaleLG_28_FemalePos_105___06_MaleLG_28_MalePos_11___45_duplicated_no,A,G,TGGAAACCAGG,TGGAAGCCAGG,AAACGGTGCAGGTTACATCC,0,0
76644_x1_FemaleLG_24_FemalePos_1___36_MaleLG_NA_MalePos_NA_duplicated_no,G,T,CTCTCGCCGAG,CTCTCTCCGAG,CCTCCTCTTTCCAGCTCTCC,0,0
77304_x1_FemaleLG_4_FemalePos_63___04_MaleLG_NA_MalePos_NA_duplicated_no,G,T,TTTTTGACTAT,TTTTTTACTAT,CGGTGAAGCTAGGGTTGTGT,0,0
77322_x1_FemaleLG_2_FemalePos_9___04_MaleLG_NA_MalePos_NA_duplicated_no,A,C,AAATTAAAAGT,AAATTCAAAGT,TGCAGGACCAGTGAGAGATT,0,0
77389_x1_FemaleLG_7_FemalePos_130___42_MaleLG_7_MalePos_140___8_duplicated_no,G,T,GTAAAGGTTTT,GTAAATGTTTT,CCACGTGGAACTGGTAAAGC,0,0
77739_x1_FemaleLG_24_FemalePos_59___65_MaleLG_24_MalePos_74___04_duplicated_no,C,T,ACTTTCGATTA,ACTTTTGATTA,TTGCAACATTTTGGGAACTTT,0,0
7896_x1_FemaleLG_6_FemalePos_31___28_MaleLG_6_MalePos_29___84_duplicated_no,C,T,ACGGACGACAG,ACGGATGACAG,GCTGAGGTAATGACGCAACA,0,0
79246_x1_FemaleLG_25_FemalePos_65___5_MaleLG_NA_MalePos_NA_duplicated_no,A,T,ACATAAAGTGA,ACATATAGTGA,GTGCAGGGACAGGGATAAAA,0,0
79678_x1_FemaleLG_11_FemalePos_46___79_MaleLG_NA_MalePos_NA_duplicated_no,G,T,TCAATGAATCT,TCAATTAATCT,GTGCAGGGAAACAGAAAGGA,0,0
80347_x1_FemaleLG_24_FemalePos_10___11_MaleLG_24_MalePos_73___71_duplicated_no,A,G,CCCCGAGGCCT,CCCCGGGGCCT,AGGACGGCAGTAGGTTCAGA,0,0
80427_x1_FemaleLG_13_FemalePos_31___3_MaleLG_NA_MalePos_NA_duplicated_no,C,T,ACGCCCGGGGT,ACGCCTGGGGT,GCCAAGCCTTAGGAGTCAGA,0,0
80476_x1_FemaleLG_27_FemalePos_187___95_MaleLG_NA_MalePos_NA_duplicated_no,A,G,AGCTAAGAACC,AGCTAGGAACC,TCGGCTCAGGAGACATTTTC,0,0
81751_x1_FemaleLG_10_FemalePos_126___96_MaleLG_NA_MalePos_NA_duplicated_no,A,C,TCATTAAAAAT,TCATTCAAAAT,GTAGCGGAAACAAGCAATCA,0,0
82061_x1_FemaleLG_18_FemalePos_23___67_MaleLG_NA_MalePos_NA_duplicated_no,A,G,GCTGCAGGTGT,GCTGCGGGTGT,CCTCTCTCTGCGTCATGCT,0,0
82797_x1_FemaleLG_15_FemalePos_23___86_MaleLG_15_MalePos_26___56_duplicated_no,G,T,ATGGAGCTCAG,ATGGATCTCAG,GCAGGTTGTGCTCTAGAAGACTG,0,0
83277_x1_FemaleLG_1_FemalePos_44___37_MaleLG_NA_MalePos_NA_duplicated_no,C,T,CTAAGCAACAT,CTAAGTAACAT,AGGCGATATTTGGAGAGGTG,0,0
84099_x1_FemaleLG_2_FemalePos_160___44_MaleLG_NA_MalePos_NA_duplicated_no,A,G,TATTTATATGT,TATTTGTATGT,CGCCAACCGTTTTGTTTTAC,0,0
84361_x1_FemaleLG_22_FemalePos_2___27_MaleLG_22_MalePos_14___96_duplicated_no,C,T,GCTCTCGGGCA,GCTCTTGGGCA,CAGCACTCGCCGCTCT,0,0
85113_x1_FemaleLG_11_FemalePos_120___3_MaleLG_NA_MalePos_NA_duplicated_no,G,T,GGATCGTAGAG,GGATCTTAGAG,GATGATCGTTTTGGGTTGCT,0,0
85188_x1_FemaleLG_12_FemalePos_50___66_MaleLG_NA_MalePos_NA_duplicated_no,A,G,TGATTAGGTGG,TGATTGGGTGG,CATGCAGGCAGACAATTGATA,0,0
87740_x1_FemaleLG_25_FemalePos_79___41_MaleLG_NA_MalePos_NA_duplicated_no,A,C,GCAAAATAATC,GCAAACTAATC,CGACTGCAAGTGAAGAGCAA,0,0
87784_x1_FemaleLG_23_FemalePos_152___09_MaleLG_NA_MalePos_NA_duplicated_no,A,G,GATCCAGGGGC,GATCCGGGGGC,GCTTGCAGGGACATATCTGA,0,0
87930_x1_FemaleLG_22_FemalePos_120___35_MaleLG_NA_MalePos_NA_duplicated_no,C,T,GATGGCGGTAG,GATGGTGGTAG,AGTGTGCAGCTCAGGATGG,0,0
88029_x1_FemaleLG_4_FemalePos_81___57_MaleLG_NA_MalePos_NA_duplicated_no,G,T,GGATGGGTCCA,GGATGTGTCCA,GAGAGCCAGGGTTTGGATG,0,0
88165_x1_FemaleLG_9_FemalePos_21___11_MaleLG_NA_MalePos_NA_duplicated_no,C,T,AGACGCGATGG,AGACGTGATGG,CAGCAGAGATTCAACGAGGAG,0,0
88385_x1_FemaleLG_3_FemalePos_23___39_MaleLG_NA_MalePos_NA_duplicated_no,A,G,AGAGCATGGTG,AGAGCGTGGTG,TGACAACAGACTGACGACTGC,0,0
88477_x1_FemaleLG_21_FemalePos_50___2_MaleLG_NA_MalePos_NA_duplicated_no,A,C,GGGAGATCAGC,GGGAGCTCAGC,CTGCTGGCTGTGGCTGT,0,0
90426_x1_FemaleLG_28_FemalePos_147___61_MaleLG_NA_MalePos_NA_duplicated_no,C,T,TGTGACGGGAA,TGTGATGGGAA,AGGGTTTTGTTCCAGTCCAG,0,0
90668_x1_FemaleLG_2_FemalePos_140___66_MaleLG_NA_MalePos_NA_duplicated_no,C,G,ACCGACCGCTG,ACCGAGCGCTG,GCAGGCCACCTGCTTTAG,0,0
9094_x1_FemaleLG_9___5_FemalePos_42___23_MaleLG_NA_MalePos_NA_duplicated_no,A,G,GCTTGACCTTC,GCTTGGCCTTC,TCCTCTAGCACTCGCAGCTT,0,0
91014_x1_FemaleLG_19_FemalePos_79___82_MaleLG_NA_MalePos_NA_duplicated_no,A,T,ACCTGAGTGGC,ACCTGTGTGGC,TCGGGGTAACTAGTAGGCTTCA,0,0
91174_x1_FemaleLG_4_FemalePos_116___64_MaleLG_NA_MalePos_NA_duplicated_no,C,T,CGAAGCAGTGT,CGAAGTAGTGT,GGTGGACAGGAGCAAAGAGA,0,0
9801_x1_FemaleLG_28_FemalePos_166___1_MaleLG_NA_MalePos_NA_duplicated_no,G,T,GAGAGGGCAGA,GAGAGTGCAGA,TTGAGGGACGAATGGACTTC,0,0
